"model_id","dependent_variable","baseline_estimate","baseline_p","iv_estimate","iv_p","delta_iv_minus_baseline"
"(1)","Risk_Dummy",-0.0493270049903552,0.0749757810991141,0.049332284788698,0.126975959479815,0.0986592897790532
"(2)","Risk_Dummy",-0.0303678037068646,0.283235865742176,0.00292219715393835,0.923041024665493,0.033290000860803
"(3)","Risk_Ratio",-0.00114846994431512,0.480483028397935,0.0138171310815442,0.481054355179044,0.0149656010258593
"(4)","Risk_Ratio",-0.000278472645474461,0.862848903551393,-0.0113213221321643,0.546596803531892,-0.0110428494866899
