"model_id","paper_childhealth","estimate","diff_reproduced_minus_paper"
"(1)",-0.045,-0.0493270049903552,-0.00432700499035515
"(2)",-0.032,-0.0303678037068646,0.00163219629313538
"(3)",-0.003,-0.00114846994431512,0.00185153005568488
"(4)",-0.002,-0.000278472645474461,0.00172152735452554
